{"cameraMode":{"drawMode":0,"name":"Shaded","section":"Shading Mode"},"sceneLighting":false,"audioPlay":false,"sceneViewState":{"showFog":false,"showMaterialUpdate":false,"showSkybox":false,"showFlares":false,"showImageEffects":false,"showParticleSystems":false},"in2DMode":false,"pivot":{"x":1.4137221574783326,"y":1.4520232677459717,"z":-0.12003729492425919},"rotation":{"x":0.0030234013684093954,"y":-0.8630205988883972,"z":-0.005167428869754076,"w":-0.5051333904266357},"size":4.041658401489258,"orthographic":false}