{"cameraMode":{"drawMode":0,"name":"Shaded","section":"Shading Mode"},"sceneLighting":false,"audioPlay":false,"sceneViewState":{"showFog":false,"showMaterialUpdate":false,"showSkybox":false,"showFlares":false,"showImageEffects":false,"showParticleSystems":false},"in2DMode":false,"pivot":{"x":-0.40992116928100588,"y":1.130000114440918,"z":-2.5299816131591799},"rotation":{"x":0.07643818110227585,"y":-0.001837726216763258,"z":0.00014183724124450237,"w":0.9970726370811462},"size":4.041658401489258,"orthographic":false}