{"cameraMode":{"drawMode":0,"name":"Shaded","section":"Shading Mode"},"sceneLighting":true,"audioPlay":false,"sceneViewState":{"showFog":true,"showMaterialUpdate":true,"showSkybox":true,"showFlares":true,"showImageEffects":true,"showParticleSystems":true},"in2DMode":false,"pivot":{"x":1.2082409858703614,"y":-6.36020565032959,"z":-29.540163040161134},"rotation":{"x":-0.005261975806206465,"y":-0.991367518901825,"z":0.12408529967069626,"w":-0.04201938584446907},"size":38.102081298828128,"orthographic":false}